CHEK1,IKZF3,ASPM,CAMK1D,FNDC3B,EHF,RSU1,EML4,GTF2A1,CCND2,RNF19A,CDT1,MAD2L1,UBE2S,EEA1,CRIPT,KLHL7,RAB28,CCNK,LUM,PLXDC2,CDK6,ACADSB,DTWD1,Sample_id,Response
4.882159162,3.798688688,5.536004927,4.49215241,7.486687966,5.043289302,8.622390556,6.467244096,4.518576942,7.13877555,5.524703689,5.175193864,5.930819202,9.433538784,3.757171831,5.540176858,7.001368092,3.636115423,5.117866755,6.890170586,4.54980352,5.433961924,3.407738208,3.746688864,GSM505583,Response
6.89627578835964,7.49338721070616,5.70931689260737,7.57124284034564,9.38587968793916,9.87721981100413,4.33740794780224,10.2091659212261,6.8932417337448,6.93328316858745,7.2669177647887,8.94880443809518,5.45241180296248,5.26653721161561,7.43922252063485,8.37108987848912,8.26467801423412,7.39783138010486,8.73175475123467,4.38266284914995,6.64901948835133,8.40671081286013,8.13740629023089,7.74110378591118,GSM1525236--7,Response
8.791801,8.254541,8.92140835797531,8.101274,10.01782,10.88444,10.56328,8.781456,9.688785,11.16008,10.00251,11.04455,10.64488,10.06079,9.105956,10.06912,8.825877,10.38262,9.515187,10.50099,7.887758,8.647645,10.5383952441158,8.549179,GSM139543,Response
4.110979355,4.582816626,4.314496204,4.743340454,5.679242839,4.109052308,6.723687619,7.145475283,4.663158566,10.46879349,5.541453685,4.43325152,5.181962099,7.657883475,4.030059952,5.078858288,4.707506849,3.651490884,5.26785122,4.435157824,4.169752221,5.654128342,3.755250565,3.877718995,GSM505435,Response
4.362694654,4.109733444,5.25283343,5.257014689,5.475676023,4.486824083,7.061278194,6.447161829,4.655734417,6.049820913,6.131065102,5.192011754,6.248395033,6.838724664,4.107374705,4.803556866,5.252587513,3.953812724,5.545354829,6.609284619,5.014948934,5.900121945,3.855661372,3.589729234,GSM549300,Non_response
9.198462,6.891111,8.31663818068842,9.22709,11.29299,11.31706,11.13007,9.633817,10.27774,10.20789,10.94034,11.29174,10.60433,10.59254,8.943878,9.408891,10.16162,9.98002,10.05368,12.525,8.734001,8.843972,6.52023234819593,8.043702,GSM139627,Non_response
6.82024662651886,6.91706426984122,5.69014412772371,7.4618200701925,8.31443793096254,10.6931222269207,4.56919152440463,10.2985660444314,6.61165490894056,9.42610799146461,7.9984559922586,8.8220236093165,5.20789495887695,5.30860335252758,6.20317917577823,7.90108510291283,7.37740456542001,7.67593487548006,9.56777903428962,4.19615169065266,7.14299922310188,10.0451674190011,7.27381972974856,7.89733160037972,GSM1525237--8,Response
7.309776021,7.590029069,6.636198203,7.146673568,9.265879369,7.185399632,7.831468223,7.554182065,10.16261901,7.419713343,9.194511341,8.195388898,7.661085029,10.74580159,8.090500088,7.57305815,7.440228573,6.926956689,7.489783275,6.327822044,8.670345492,6.522861669,7.598041665,7.289919841,GSM2804894,Response
4.060158174,4.006234309,4.116616251,4.44666523,5.669160266,3.264445393,6.069464407,5.824908844,4.975449876,6.426959229,4.653737031,4.36317948,4.24592425,6.113986899,3.918344813,4.857014086,4.170260256,4.092596544,5.148651488,5.513480404,3.942723361,5.61218486,4.912367773,3.544915947,GSM508051,Non_response
4.477208794,3.770942834,4.663237456,4.805521792,6.19749253,5.134445584,6.442565557,6.082202698,4.684923668,7.426523175,4.855867416,4.808053891,4.683294109,8.537762233,3.928428959,4.971440145,4.652498225,3.952915519,5.009163977,7.261010781,3.810496708,5.536336389,3.697518492,3.98496074,GSM508136,Non_response
4.282246022,4.148978166,7.013694211,4.907224211,6.913483205,7.276191316,5.990783599,5.565256092,4.269611927,6.68184212,4.580845008,5.197880847,5.709251342,7.683964971,4.053543068,4.608676129,4.417201916,3.755054227,4.998290271,3.533923075,3.638316826,5.363712002,3.494267113,3.927984958,GSM590855,Response
4.272112114,3.971001025,4.713079733,4.551210153,5.156245862,5.529223042,5.907092556,5.704548872,4.506864067,6.679938769,4.893295135,4.417815954,4.680614795,7.134465436,4.106941396,5.118152794,4.18644298,3.584109709,5.149744789,4.890544751,4.441001408,5.382870605,4.083966702,4.229380532,GSM505532,Non_response
3.743939601,3.98800272,4.100344764,4.638419692,6.509063557,5.023036344,6.610631822,5.898786604,4.660555036,6.948392804,4.482164124,4.192461582,3.784635109,6.391047986,4.125905919,5.345389735,4.190498529,3.87408347,4.988362615,9.482617324,4.406959612,5.446584451,3.708671691,3.928531258,GSM508123,Non_response
4.046459396,3.763661683,4.986973259,5.128393317,8.022193104,4.186748477,7.733885362,6.788277112,4.735000126,8.59107122,6.255855115,4.778857153,4.118593414,7.321062172,3.615928418,5.288865549,4.336238804,3.685741826,5.096250872,10.10008025,6.345496224,4.933987493,3.329379591,3.949077259,GSM549243,Non_response
9.22582617432544,9.93400102057984,8.62618356882716,8.48815897607526,10.9449844571351,12.0307165707587,11.4092574828025,10.1105818045414,10.2409604632469,11.2201328637101,11.6071080589303,10.9842925851145,10.9836083312104,10.3057310465463,9.53732905762919,9.20023383802578,10.8589135926552,9.87366913503846,8.89549437105023,12.7057713226463,8.72590805780986,9.36846237353979,8.07985079679682,8.19426241450602,GSM158260,Response
6.59842385589833,6.39926723005958,5.8100478047274,6.21376214235975,8.77034714758901,8.2213671793002,7.78082808724546,9.1878753610618,9.16261794056795,9.17605353778734,9.79892630149862,5.31898649360483,6.62367694912146,5.34836012688656,7.72499534344172,8.64951522304425,7.68870746481433,8.52792571665482,9.68936376560253,10.9709832478749,9.89648730527343,7.15713498144731,8.60318677416349,7.16272433741749,GSM809191,Non_response
4.642749387,3.876068763,5.118583841,4.639401294,7.623353112,6.888414974,6.404014126,6.14713946,4.261191165,6.827067967,5.030654064,4.754496699,5.078356439,7.112087497,3.658618695,4.76563981,5.217658228,3.716795609,5.250042048,3.452805112,3.938783589,5.491398197,3.433966619,3.670527998,GSM590882,Response
7.31253948935664,4.77533390874284,8.48881529415258,8.60375181863521,8.71807733826445,8.89356386696135,9.82418567342411,8.16651429977548,8.48410265544533,6.67598383326127,9.46596413985328,5.92688907460542,7.60388000479194,7.06099291272969,9.25599919889952,8.08694904701854,6.44857238293265,6.56029762913575,8.63179278702139,8.55907378950358,5.83947559585544,6.48656228978789,9.42685522451322,6.51359606066179,GSM2193358--1,Response
6.47855610098255,6.53163322294437,9.25731470447103,7.83756681391396,9.89433172567984,11.521242847428,8.56956322141884,10.2734604340878,8.18832615185986,11.2268065801766,7.15023495164731,9.15013185495701,8.07058221590358,9.69736581027363,8.87988406557805,8.18941901679537,6.48498116158731,7.36545846749052,9.03711239167658,11.5037834170798,6.27627286958233,9.50025577242678,5.83214818989988,7.04929009041211,GSM1875915,Response
4.050258574,3.749737359,4.59466347,4.691369829,6.231091783,5.458903636,6.696895035,5.305985594,4.832093189,6.859627165,5.513085059,4.418014547,4.321249326,6.617584636,3.712122338,5.119158001,4.234584244,3.806598783,4.998972544,7.672143347,4.330805479,5.166861257,4.776487061,3.873744169,GSM508061,Non_response
6.05936386516739,7.88193495324073,8.06003066730014,7.29909910048301,10.5469063322598,11.0120881426298,9.83435059978909,9.50463739536413,9.31456001782508,10.1813412982109,8.94708366541832,6.66372350714753,8.99875502636888,10.0357080088251,8.73440495689163,8.30485229929231,8.40585252355348,8.94118367959833,8.93604272503657,13.1780093903081,9.83569864330524,8.42843364813427,7.2913088156261,7.15697233838957,GSM1619393,Response
7.08336195876769,7.57991340552151,5.70980163720438,7.70886134159129,10.0239800149492,9.53423521087161,4.34768539755058,9.16856942789689,6.49705247531726,7.07131256922627,7.23710309607264,8.91030356033492,5.38004010393931,5.42830392134794,6.82045132816516,7.72534495557752,7.59690051949571,7.81150893546321,8.84207867963421,4.83942898800204,7.69498391886844,8.36749567452608,6.73411782633849,7.71195229863796,GSM1525218--42,Response
5.55134523895038,6.59024449424695,8.26610663589292,6.09332565563711,8.98096968297337,9.90480600753887,8.97997471193154,8.05436085579669,8.14274617653084,8.42884802242119,8.77437629100067,6.30550349704265,9.22863300901144,9.59054782834025,8.0203327734219,6.93093158851338,7.5203176073201,7.8319872622868,8.74879920099148,11.8735307984949,8.40503798227729,6.71762904836738,9.45075177577647,6.68194490990386,GSM4171553,Response
7.7563809725332,8.78362398062187,10.7348070007131,10.0872694337304,7.63173713266558,13.3496021283426,9.6198029618742,11.3079653846502,10.3448697601261,9.0488594507825,9.8489814613476,9.96397322540189,8.38135871353526,11.9463106769523,10.6135851209958,9.23826406767457,8.95601566864886,10.2596227958505,11.6068054019707,10.2844794066838,9.79189866867831,13.7620429808412,7.95334762017287,8.66435383202974,GSM2811162,Non_response
5.82976319700407,6.39548135023335,6.96028073020329,6.54339884584104,9.84918907595365,9.82007620147857,8.24183496535627,9.1398662572375,9.14697776970643,9.14147227707998,9.16878392652035,5.32076075848402,7.86841120576896,5.27716797703085,8.02054602543524,8.82556879371139,9.62778477175539,8.90613395404757,8.8302965358831,11.3566836065576,8.64865510559224,6.92114210009725,7.91406756853524,6.86926546096048,GSM809290,Non_response
3.57417651298866,4.76860831682009,4.56763939883843,4.47361761634024,5.55449387245733,2.64159511638274,6.36435710111948,7.45516750429076,5.91172373511601,8.45230004335422,6.02538361393723,3.8905315052191,3.06561675533784,3.43086998616169,4.12628965890971,6.03631495675213,3.29559963106045,8.1201550850617,5.59404511193105,9.25248204058005,5.7432971012187,6.58219608040052,2.01373957435607,4.33149456564527,GSM1233145,Response
6.380437669,6.874952577,7.460161901,8.394822528,10.93128358,12.30414471,9.040807364,10.4180202,8.512917742,10.69340299,9.084732546,7.956597783,8.726255658,8.619166373,9.5824953,8.892115015,7.385209926,8.602666033,9.919306443,12.04501076,8.151021853,9.296588463,5.800776184,7.648286846,GSM496023.2,Non_response
8.28048213422956,9.41755348299239,11.7698356141097,9.4196855205268,7.7583386976176,11.4733052054342,8.73646055391754,12.7777468843948,9.94980226187761,8.52019565371315,8.71305547142781,11.2890333168021,9.99540622499256,12.8648401949453,9.19437982413511,9.47871275220118,8.31499642655731,10.4926444159722,10.6507919401707,11.6094228739595,8.76944436936915,11.3573272227129,7.42192376955183,8.9252686746652,GSM7040758--RNA01,Response
8.93745825894166,12.1148090449801,11.9497874448472,10.1483830539942,7.00919561989614,11.3978661809809,8.34189910026724,12.5065795489187,9.21481652387808,8.61134028357078,9.05162685245995,10.8671165880975,10.1059088821227,13.4232748963373,10.3403372591218,10.2895935431507,8.02762488671549,10.4326015105626,9.94868288796953,9.6332537884836,8.62575138905901,11.2042482600179,6.91852787597923,9.43185429525271,GSM7040785--RNA29,Response
5.467537065,3.52000546,6.351405683,4.78329439,7.866936903,7.030445359,7.656139656,6.275031648,4.541028484,6.94639051,5.519497319,5.995941531,6.732909958,9.689673428,3.748302024,5.679111505,6.033120173,3.666868482,5.304620498,3.903365917,5.098118001,4.753478801,3.568516943,4.095315222,GSM505454,Response
7.16421376054743,7.55254165059026,5.2000340704077,6.41277276686859,9.92833513710491,5.48739843551152,8.77194853278275,9.1471598983809,9.62130687885947,10.3030079867305,9.75491104459679,5.55090186945125,6.33482282987126,4.0383924731193,8.84509450904941,8.69573567189524,8.83497834711377,8.61518613185791,9.78802701765321,10.2832003570797,9.08307810861417,8.49427077179245,6.69122669257642,7.69227034472688,GSM809251,Non_response
4.376018914,3.740577665,6.147164139,4.411638856,7.413973013,5.856412839,6.228368169,5.53902269,4.37461046,7.721019733,4.549701981,4.880290917,5.699365632,8.016235556,3.916785978,4.761052401,4.432797056,3.710490599,4.732261999,8.820622581,4.021302028,5.019132761,3.94760403,3.848641592,GSM590846,Response
4.450579991,3.758244237,6.116578951,4.536983108,7.438631217,6.757380952,6.134036698,5.683243188,4.458627371,7.541157896,5.205972005,4.639417046,6.537130073,8.427872805,3.784270729,4.746061551,3.986124663,3.408415361,4.856315583,6.167199903,5.289945786,4.92353232,5.102826638,4.064435401,GSM505384,Non_response
6.73948396547757,7.40026859706713,6.46076270551405,6.50091976198037,9.57907241967904,10.5096665418874,8.436096483125,9.44792267474415,9.0666178747273,10.3762789043847,9.55169826821648,5.14908181036608,7.24745427623455,5.75382189863179,7.91791385786801,8.37471059424902,7.10445217815854,9.19247032924103,9.91081101079243,11.1708570208055,9.81161060656876,8.27133176845865,6.25791400596326,6.88711005980277,GSM809234,Non_response
8.190428153,6.90223743,9.078012889,5.969764101,9.938843462,11.38292156,9.834857409,10.32718484,8.957471005,13.17362504,9.142385368,8.350392264,10.21135688,9.714203895,9.306947524,8.628715325,7.894584258,8.755922257,9.351142998,12.06878382,7.252683548,9.319543981,5.743187367,7.250401083,GSM710807,Response
8.947997,8.475303,8.94729247210731,9.023376,10.74523,10.70183,11.12082,9.971751,9.395891,11.41024,10.74268,11.39266,10.74354,10.19418,9.303575,9.592476,8.940873,10.27351,9.241963,11.94687,8.528207,8.78969,9.51626001348028,8.158844,GSM139605,Non_response
6.39756221400481,7.9925148037608,6.53615588887122,7.50242406179127,11.4067846326503,5.41966179088652,9.46085618176101,9.88622101353725,9.44533702038846,9.72511076867999,9.38658085675819,5.76141591319598,7.42577722120466,7.70385101626792,9.13220010136793,8.81966192281514,8.32800377744352,9.35526970649099,9.59379333087549,13.1430158969837,9.42987766996469,8.11478756758559,7.15018522808491,7.84096744263401,GSM1619455,Non_response
4.144629999,4.161650019,4.211948529,4.744775385,5.705030064,5.756403529,6.311205384,6.692313451,4.41044532,8.320568165,5.255468952,4.167098397,4.326000097,6.704854223,3.942531051,5.192193675,4.175947793,3.708913932,5.292163984,6.648579307,3.691832091,5.322385087,3.833818971,3.961688502,GSM505557,Non_response
4.203253808,4.006115849,4.234709483,4.612946403,8.121913501,6.454079707,6.385214676,5.435955612,4.619532558,6.643263624,4.499826034,4.265435917,3.862157913,7.203088083,4.188319241,4.739714488,4.11833684,3.903204974,5.048880912,7.102320366,3.536164974,5.381634685,5.490492503,4.018734984,GSM508143,Non_response
4.528704876,3.780907128,4.76272852,4.849678334,5.489457996,5.345706811,6.317987582,5.987788707,4.577634124,6.562993781,5.529210283,4.39614697,4.488402686,6.955227483,4.158370534,4.709350278,4.269935887,3.776724473,5.055358007,5.492999724,3.869883622,5.721224304,4.098526231,3.632618547,GSM508044,Non_response
7.654337462,7.258537177,8.418971083,6.064954598,10.37426613,10.67262922,8.727432973,10.19987034,8.805910668,9.690473569,10.04956713,7.298171609,9.082504428,9.646517808,9.285025477,9.552063036,8.577400114,8.369586156,9.442721781,12.16742162,8.23986064,8.883267992,6.50493716,7.466281207,GSM710926,Non_response
4.161812171,3.771730653,5.586493732,4.466921156,6.574676964,6.307153281,6.559838569,5.88848771,4.460745042,6.682183799,5.494903639,4.31952081,4.927981182,7.912405655,3.828950986,5.345669289,4.598063626,3.594571513,5.103049631,8.382740816,3.83084057,5.289802834,4.298496814,4.003470843,GSM505547,Non_response
4.082070914,4.189739149,4.27812357,5.100129274,6.537672051,5.436314471,7.414737657,6.828819612,4.744732734,8.226494789,5.43387648,4.597721792,4.045814262,5.612663444,4.034731941,4.806585918,4.2828728,3.916754114,5.282975462,8.282296835,6.276016756,5.263703162,4.016753153,3.738746492,GSM549285,Non_response
4.323928615,3.981911437,5.58520263,5.128071611,5.645565237,4.512951978,6.610503844,6.356289219,4.803086904,6.588592455,4.690959694,4.850401014,5.136933709,8.064373862,3.918444958,5.745855558,4.512644004,3.820637559,5.29978775,6.547854444,5.152983658,5.652138391,3.995623423,4.031073647,GSM549270,Non_response
4.434792315,3.719233252,6.219259612,5.276497563,8.142478255,4.577997562,7.08238549,5.353313637,5.111380841,6.785719029,4.816866968,5.412009744,5.26775686,7.982445907,3.796728366,4.844321714,5.611960526,3.691514074,4.826278508,6.270127163,4.247016843,7.192234863,3.456203474,3.701797948,GSM505503,Non_response
8.097301216,6.17117909,9.30441287,7.959183196,11.04861677,10.79505735,10.16751371,9.743919216,9.109412913,9.634689923,9.884248588,8.530380376,9.882915088,9.395479701,9.999475163,8.682138839,8.917510385,8.18789007,8.794537236,10.53793606,7.183498833,9.690534276,6.566819389,7.354390739,GSM710818,Response
8.8856221290085,7.02549085803761,9.40040953447037,9.90218952594002,12.3678070124611,11.9996999364769,12.3251243164098,9.43834435752998,9.31558458981116,10.8198363162627,11.2935445385303,11.0788727640873,11.8036036825321,11.1880883799803,9.19101409040833,10.334540882618,10.7656369376034,10.4247648795581,9.36538792610482,12.9000916982379,10.0565579738478,10.9583100564376,7.30469129165009,8.20504974980864,GSM158274,Response
6.73384799674163,7.33413868335615,5.67263189268549,7.77875425748232,10.4269398468862,10.3426472854523,4.65246473233517,9.36861052789353,6.29271194687984,6.67570791206156,6.90396472834568,8.76978408919445,4.98596882796764,5.58982715974978,6.697060945279,7.85871859070503,7.64185317586293,7.43220105338276,8.60400494139049,5.38255157530737,8.15384382506727,7.81186928423975,6.96604856847927,7.6568028984892,GSM1525238--1,Response
5.70403220378926,6.75723713790018,5.59039727638381,6.29511610511044,9.80985705536113,8.96331465504635,9.48417431501897,8.12815064924329,8.29382988239271,9.80491682490813,8.7477652760005,4.52202332514606,6.73031294110153,7.57160882891931,8.88443974621629,7.99471042400086,8.25551422651959,7.89532250141332,8.18160151150412,11.9930063856358,8.25191008083275,7.42007163546303,7.32160731938237,7.38449811569664,GSM4171578,Response
4.313084857,3.790944106,4.953816035,4.993885708,8.444635182,7.3977777,7.542141362,6.557303024,4.576596117,7.968696881,5.592860665,4.49497309,4.830970079,6.652404365,4.096927247,4.985092891,4.145494742,3.713375681,5.071729888,10.13012674,6.223557936,5.355276695,3.300891258,3.953331093,GSM750743,Non_response
7.70029331986945,6.90824385138885,8.92015493438255,7.72398724033285,10.012820771393,10.4973115129243,10.5004651650427,9.45977891517464,9.23324640165069,9.72568978693402,9.19258884214063,6.00381684830234,7.87943197829092,6.2131239780149,8.44323410699562,8.8889813090617,7.89541153901243,8.17798139620278,9.67988955103615,10.7622090560346,9.9505293644274,9.40682777383593,5.65221349039614,6.73725128059732,GSM809225,Response
2.97862921382457,4.32131799030963,6.42745897298139,5.69059147554969,6.90368899777315,7.8875528380459,5.7418997799944,6.01689865568098,6.06910230161144,8.27468167650853,6.24770623382748,3.85169214253988,3.10889517593223,2.56291974463612,3.70420299925738,6.19343852332115,2.90806886796445,5.2236468684505,6.50183749511108,9.81424071604789,7.00210548495136,5.29152408887463,1.68489799125979,5.08008423584574,GSM1233066,Response
7.178539012,7.440283905,7.087224958,7.532370088,8.205709127,7.178539012,7.741123437,8.747935807,9.318248223,7.838631553,9.203122051,9.891633378,7.071809927,10.54520883,8.047052426,7.043209971,7.315293292,6.903964471,7.627832742,7.350433106,8.488026448,6.828149466,7.614819088,7.554182065,GSM2805004,Non_response
7.461022769839,7.05495200322407,8.68892859734926,7.8904490838774,10.4708970363119,12.3500356253891,9.50153662062731,10.2543452184146,8.78312236658942,11.1601701685887,8.71296686567766,7.62267554959399,9.51025714843898,9.52591957483455,9.11480215841287,8.98141717904414,8.86663842671867,8.88024526154035,9.55379446815353,10.8043681897829,7.69806988980649,8.92390558480228,7.16525381909815,7.66741743957635,GSM1705391,Non_response
3.32053180461007,4.82391367239398,5.0487188935556,3.73385721641775,6.37052974081968,10.3542166950737,5.78200314003799,6.79653910735327,5.4503975628706,8.16601162113837,5.76279267882868,3.74032040306689,3.03131415448403,2.96953818557124,4.19383655395531,4.98063473202236,3.23089308657464,5.54125210609828,4.83868967348929,7.85080030454167,6.73075182964615,5.58294139892095,2.37617951652307,4.08398113727809,GSM1233111,Response
7.61026270187233,6.39542829947182,8.72872086592477,8.69851064848348,10.3974258890315,11.9669104380353,9.72918705726295,9.93578957288411,8.33904876749208,11.3163012710258,8.73760655217088,8.52970816822935,9.24895125750514,10.4519179227641,9.20200671933684,9.03878157816282,8.61745952389349,8.94330620814438,9.52439886537353,11.8725074914865,8.23045662875392,9.34017051745092,7.37892894841589,7.82255430255211,GSM1875995,Response
4.225137777,3.431086778,6.490836745,4.672572812,8.611820404,7.507232369,6.335588123,5.127179401,4.798247282,6.879545934,6.442390931,4.883547578,4.249547868,9.376001335,3.585175687,5.997715618,5.839185955,3.626032425,5.120873678,7.720026019,4.104968993,4.781283302,3.377541684,4.056051539,GSM505481,Non_response
4.612578979,3.674148343,6.408514978,4.381214089,6.919115494,7.576103241,6.051840555,5.566628136,4.320730115,6.556686996,4.830636411,4.761133216,5.744530058,7.615938788,3.634919494,4.415753971,4.831107306,3.721997591,4.685281203,7.126613658,4.511758135,5.044894617,3.911764099,3.832059965,GSM590892,Non_response
7.49098141639858,6.75186665769249,9.611011400939,5.36976000829518,9.52795245182224,7.54511339521334,9.40985935401605,8.43037942007577,8.39518214981615,8.13752462539807,10.0101712397632,7.45419973355745,9.64677527536884,10.6729211204946,7.36984718575314,7.20306681184303,8.41860315458164,7.41679138695181,8.8733414338203,10.4858593798889,8.78745441523004,8.74962279137825,7.35384106612739,5.94449816608876,GSM4171496,Response
7.95431297,5.84559801,8.987124207,8.902946094,10.24249155,11.13573459,9.972570389,9.62912762,8.393117103,9.469023811,9.117397545,8.208181843,10.50911058,9.728209283,8.150943592,9.03203123,9.048610439,9.292645059,9.552125088,11.5942758,5.912632134,10.40309378,7.442438521,7.284529259,GSM710894,Response
3.106681806037,4.39837698650061,5.01265665298027,6.21252153216243,6.03721268533168,9.06443201728713,6.04639521838387,6.67244478872868,6.24543118637742,6.38724186501577,6.078935021836,4.18899618276185,6.56804325519959,3.63429236126912,3.85299304446134,4.81914082741299,4.14918495661138,4.7259780565237,6.42895564764939,8.61524983693835,6.65702912188481,6.04436030973618,1.60888019268895,3.98430521020732,GSM1233052,Non_response
8.92040405933644,12.0971969105648,11.931851889988,10.1299350792012,6.99804854838776,11.3791463170885,8.32601819504872,12.4888104678742,9.19759284013177,8.59475388533093,9.03448745349823,10.8484492946476,10.087500056035,13.4066954475506,10.3217637001484,10.2709882179793,8.01241697853695,10.413985224983,9.93061814773135,9.61560129295052,8.60914187485555,11.1853237715552,6.90775047329907,9.41436541426312,GSM2811150,Response
2.99923311857075,4.89265513276036,3.5200311093156,5.54374904717742,5.16747786434932,9.08014420477512,5.13511964811236,5.81335072916655,5.66269290969614,6.66882229828051,5.6556153824894,5.52240167829842,3.75265629924271,3.37952883155991,3.10555052177837,4.8622571688422,3.27093542826972,5.44446901739077,5.6472487677693,5.7255636098988,5.24228196918458,5.52045217244038,2.09357629251662,4.09975224760073,GSM1233079,Non_response
8.311043511,6.522801652,8.639126758,8.263370436,11.07983559,10.99993713,10.18733654,9.751768857,9.216097535,7.676880413,9.428446237,7.833974561,9.884100672,8.956815321,9.721900959,8.769275021,9.336215348,8.42959421,9.184410689,11.30007136,8.037735519,9.272092524,7.475197592,7.440240563,GSM710855,Non_response
4.135686048,3.987787343,4.371060498,4.871008718,6.743102318,7.07318321,6.974792821,6.236871249,4.520059665,8.596216133,4.619382755,4.437394485,4.059586948,6.613908887,4.197768142,5.014909966,4.002041366,3.867607333,5.172520584,9.975169161,4.689361761,5.214988385,4.101988213,3.834304862,GSM508109,Non_response
4.180928841,3.763806941,5.546202981,4.956035978,5.459500091,3.901388861,7.316833051,5.895305466,4.529951482,6.309367755,5.401022314,5.053081425,5.457053766,7.908460926,3.721848978,5.103347675,4.239824413,3.797331009,5.257825003,5.678866791,4.942618663,5.038909112,5.884486792,3.869668312,GSM549293,Non_response
5.15991808833834,6.12016731436217,5.25632460631918,6.71176639137729,10.4767059650445,8.72861147089505,8.51571102973469,10.2013356840803,8.08392124061191,11.1556201528071,8.22854733901807,7.76168961908632,6.57176411267751,8.01831498409675,8.35706511484396,8.27334796394315,9.01414395326915,7.50083111480872,8.68663183707708,12.3924368816791,9.10351620850104,9.74284599429408,6.12746091574961,7.46624354644359,GSM1875901,Response
9.421104,6.740587,9.22374277470587,8.540435,11.57762,11.35927,11.62362,9.501688,9.765282,10.10875,10.7933,11.24288,11.27853,9.393064,8.94041,9.635318,11.46003,10.20933,8.821742,12.78635,9.141533,8.497591,8.58164459524451,7.95002,GSM139613,Non_response
4.224527414,4.031881599,6.069859325,4.505915852,8.52700064,5.711143241,7.341034897,6.61937152,4.49946904,7.588204533,5.349883948,3.919474654,4.787555939,7.737289629,4.059085348,4.954218869,4.636510559,3.597026166,4.998646473,9.420673393,5.666195065,5.316094354,3.455592721,3.829326165,GSM505541,Non_response
7.10589604642386,7.53699118260674,7.523096907522,6.26588369998636,9.71454497858839,10.3551170422633,8.94757482089963,10.013540458711,9.18350090771441,10.0947577779259,9.25912820258544,5.43429740104903,8.29969872581789,6.24536142929948,8.17315235048705,8.21346416553707,8.27491702345323,8.54820433119932,9.68475269184508,11.3417831824178,10.1926415748063,8.22243209710466,6.22398027409929,6.96249541903131,GSM809192,Response
7.67258807876079,8.90463548062214,12.7715751080072,8.9001987109424,7.97741166422077,11.3210986982235,8.52665595352692,12.1041911664721,10.9103277994575,8.49451584855393,7.63014507701818,11.3344289976894,9.43930024754827,13.8075121834816,9.64820486949147,8.5033977576243,8.17719442407652,10.1894739641503,11.0635676329061,12.9503788652499,9.61166459996926,13.0810323269877,6.18713274115318,8.12341748609544,GSM7040774--RNA19,Non_response
4.05649514,3.730914394,4.472794319,4.592043475,7.494870089,4.418540856,7.060353954,5.393860984,4.822505707,8.107506592,5.147722254,4.181823203,3.847814933,7.416028915,3.818651494,4.981868077,4.015879042,3.875063641,5.21761453,10.57204742,5.130481335,5.344471941,3.491763167,3.950759562,GSM508017,Non_response
5.38984406360111,6.76269679863053,7.13152159520463,7.15659146786623,9.83359838441197,8.31939673691408,9.48838171337288,8.84772476567063,8.39363028693096,8.73946528377765,8.43571838967093,4.96043244993049,7.764086109863,8.68876013357224,8.12151445006832,7.71651257013654,7.90027998919267,7.9163887337815,8.58575341031107,12.2185271884205,8.46024039204743,7.54595814580415,6.6330064521264,6.94508888763914,GSM4171544,Response
6.59129828071943,7.0697386602025,5.61869545013412,8.08215583771128,9.7729860094503,10.9091397005571,4.55562883407812,10.2172237308488,7.14727522198447,6.83387087443592,7.16598349944509,8.11577032703357,4.8777359814557,5.44263414185473,7.39961907646349,8.19507476039747,8.30574777093591,7.36192178422237,8.5292899789183,4.35028652943684,7.16862700569101,9.53138461890868,7.30360931764357,7.89370487141315,GSM1525252--209,Non_response
6.954728874,6.895690496,7.488201891,8.984588127,8.366442695,9.674165903,8.439354762,10.48214778,9.590199031,10.77815756,8.0883657,9.583218241,7.140907596,8.493774845,7.281462174,7.465250452,7.132497167,7.476915041,8.585551581,9.393267126,8.982990981,7.891728754,6.847168873,6.732046325,GSM2804972,Response
4.046170962,3.668140573,4.381142787,5.158287662,7.131332869,5.169712675,6.316956797,5.182964531,4.38078273,7.45507123,5.138673987,4.384975026,4.011021828,7.6870206,3.874886744,5.380621502,4.081590246,3.964752456,4.830227115,7.452246374,5.337984778,4.871695376,4.391368145,4.113997174,GSM508129,Non_response
7.462370237,7.574516021,6.852988068,7.091406355,9.223298204,6.878809992,8.060819269,7.856233401,9.235908795,6.92818101,9.303973409,9.259877081,7.492957094,10.74369337,8.246491219,6.904085916,7.046687444,6.976450802,6.878809992,6.427033155,8.561113738,7.000163483,7.614091964,7.704413437,GSM2804967,Response
4.214654294,3.797563964,4.939154654,4.733797682,6.996160307,5.166757839,7.310350474,6.019188007,4.580128842,8.17541442,4.609823975,4.549003047,4.058770373,7.647733428,4.066917062,4.673906165,4.596299971,3.858252728,4.780485327,10.17478691,4.188974526,5.531637193,3.383136613,3.680561316,GSM508014,Non_response
4.192454142,3.705434505,5.876638844,4.665646012,6.388087739,4.919535056,6.634701138,5.821648232,4.104655532,6.963644737,4.848561751,4.81141864,6.023480652,8.400334362,3.524630719,5.028649203,4.012874321,3.904548492,4.713333106,7.663129926,4.13599488,5.001215607,3.620558625,3.950277079,GSM590895,Non_response
4.26447259,3.933348415,5.342204166,4.968798366,7.270742857,7.702070704,7.404397181,5.706592568,4.718385711,7.032991849,5.339566548,4.656710733,4.58769489,6.982079033,4.024676572,5.08416429,5.099757956,3.824413808,5.167508551,8.416145166,5.325399096,5.816872873,3.410341722,3.57539108,GSM508043,Non_response
7.740599445,7.308632621,8.699095889,8.932511308,10.92305485,11.99002646,10.21589057,10.19427825,9.439134837,9.462161376,9.314201172,8.386001863,9.966585923,9.574586677,9.967461414,9.164676686,8.906281601,8.592972695,9.842583757,11.25139139,8.176977598,9.086996381,7.317037228,8.000366537,GSM496021.2,Response
5.65014733962833,7.19343077068478,7.73125078284433,6.57428000570132,8.87848155831727,10.4858069283585,9.53494854433256,8.31026068136761,8.21126609435336,8.76841099899817,10.2847838326127,6.03631240397256,8.60386937167365,8.67294317031464,7.68917808020155,7.54640407148228,8.10902136260887,7.33229144480316,8.38806183233893,11.9045725152362,8.25051965892132,6.59570694349443,7.48836540383246,6.51913380916459,GSM4171498,Response
4.160542074,3.819584107,4.488409891,4.998599794,6.67422,6.222914559,6.339949321,5.746067838,4.425275303,6.363870439,5.373637415,5.140664657,4.392140377,6.878505766,3.792272495,4.744382498,4.135844707,3.830573057,5.467948116,5.720410516,4.637681215,5.797602763,4.083816099,3.587204358,GSM750753,Non_response
4.075996505,3.603145485,4.640725902,5.132270912,5.755709793,4.280046985,6.506174224,5.360844754,4.68486959,7.120936337,5.58817215,4.372231794,4.903899692,7.401376847,3.760987792,4.81134526,4.335681716,3.67985974,5.043826689,10.07143949,4.539941362,5.023323166,3.665771003,3.846122478,GSM505468,Non_response
9.46528869846764,9.21187516551984,12.3952101240934,9.94013879969162,7.81155897693564,13.3910246445832,8.1014101958713,11.3512688186166,9.6725966098436,8.37249534363363,8.31406951021113,11.1968153347303,9.99831035571074,13.7397309049542,10.5530349761655,10.0794927401679,8.8297596706916,11.3886901808048,10.5101744057908,10.7871793347238,5.71065777731352,11.2172178056103,7.0156082997068,9.14768265355114,GSM7040798--RNA39,Response
8.797187,6.134926,8.30474154002194,8.569051,11.01271,8.42332,11.02728,9.712439,9.972675,11.1036,10.19341,10.50089,11.47239,11.22086,9.946669,9.032388,9.638059,10.73194,9.449054,12.49955,9.270203,8.889725,9.87588961211324,8.048213,GSM139596,Non_response
4.04423343,4.131806024,4.187331379,4.533553152,7.616077376,5.123660606,6.495396302,6.094146598,4.395568415,8.27365104,4.945269202,4.328777649,3.782540125,6.90542444,4.264130933,4.804186375,4.20089265,3.765630069,5.01898783,9.396916905,4.671826929,5.584531757,3.736336965,3.831171262,GSM508078,Non_response
4.199082811,3.499894355,4.761366895,4.425011216,5.646629957,4.223098531,7.285459892,5.545342664,4.664421438,6.60061947,7.559705594,4.225418769,4.849827388,8.087178024,4.156995776,5.650340689,4.064221895,3.878981809,5.265469098,7.935902906,4.672936362,4.722890108,5.114855471,4.237294624,GSM505477,Non_response
3.57217699595827,4.97658005668996,3.83181123019927,4.50594125412634,5.58026724181005,7.39344563056181,5.93811689873817,6.57779143329482,6.36319249686587,6.9769291860917,6.64225021956663,3.85332426836329,4.86296901362667,3.18862432034392,2.29332974191125,3.83699780152789,2.91020150389545,5.48410055160653,6.03699337377554,5.70372715402466,5.12955767582204,4.87710983839466,1.68139417293446,5.21258136589994,GSM1233080,Response
4.322457305,3.809016128,5.337272644,4.940072327,7.16977899,4.781346687,6.549576541,6.007000543,4.544047885,7.0397331,5.595528198,4.766877805,4.973846567,8.339191428,3.934183128,4.453264614,4.52143624,3.540394943,5.025234138,5.785885579,3.940720187,5.404319306,3.499868293,3.756503829,GSM505377,Non_response
7.23017857593646,6.2712534327625,4.22666450313781,6.62004585782469,10.2036427465564,6.31250923587289,9.02933141315134,9.16455426617039,9.82286118727807,9.82061142610173,9.69801386081289,5.30059110267179,4.56241584535767,4.61181450135837,8.65807112450942,8.61072816557194,8.37582393746363,8.44059404184181,9.93590514615706,9.79778727954626,9.26480603276342,8.10138016664356,6.50430857606153,7.81778491051441,GSM809248,Response
3.00270966551751,4.08668978583478,4.45129934291987,5.47505203604568,7.14683158198532,8.23840116014133,7.34434856749428,6.6211665076464,6.26599441044985,8.00230236787787,5.45702565270867,3.49327248808687,3.7413091414933,2.75155447325744,3.81173124544566,5.56878775843344,3.46107468482235,6.65075085148273,7.56666408688652,10.5845391620701,8.0639933343374,5.90859945225883,1.41557468953698,5.03187051766774,GSM1232999,Non_response
7.657981632,6.164653021,7.634859045,6.887348433,10.92274648,11.55757471,9.653060448,9.950879059,8.552575832,11.00512057,9.067819656,7.332093946,9.135985817,8.804255333,10.65606248,8.976160027,9.564754583,8.460657811,8.922075914,11.75613457,7.987058477,8.727716289,6.92618811,7.645971042,GSM710922,Non_response
8.341478999,6.879583078,10.25877961,6.716200251,10.90763231,11.91637476,9.574863779,10.43418068,9.505452064,8.931448658,9.073438362,9.117110113,10.23922631,10.08978172,9.431218506,9.079212177,8.462675638,9.18744142,9.766813282,11.13823652,7.373617475,10.67300207,6.380953044,7.466944414,GSM496026,Non_response
4.84327261163294,4.83010914903021,5.61978979849311,6.65357480653116,6.19476748472053,8.80328880261831,9.3129292960362,6.55030797124206,7.95379996874805,7.59597938729574,6.92178701182151,6.52707887088925,6.38012914815521,7.05261774964277,6.0945465129402,5.70415900840415,5.29396891305264,4.97553753971858,7.32278148395419,5.71239364883922,5.80824325261626,6.28987192469966,4.43974254176197,4.87116845779177,GSM2193350--28,Response
3.92292607,4.022612252,4.2089432,4.667280356,7.286618302,5.11007366,6.181894923,6.308751881,4.50892194,6.730921134,4.679997502,3.943556767,3.548916415,5.688588942,4.158891676,4.86819887,4.076243402,3.660444843,5.133987812,5.256606703,3.456183767,5.3332837,4.750731265,3.858430036,GSM505598,Response
9.54571839684501,7.14868849775415,9.25449431950676,7.87721556254133,11.5154100211988,11.7918555468598,10.2912273787524,10.6386484727671,9.40607762147047,10.1975718090204,10.2942703375136,7.66629533328734,9.96584329020395,10.0849801205911,10.014515545265,9.03729465818202,8.71310459697933,9.19081988129908,9.8995249987678,13.1640253601546,10.186408269057,10.0955813730533,6.92263582586751,8.18046992311924,GSM1876018,Non_response
4.0404701310147,4.37943342746643,4.17758049197803,5.75141058705088,6.30304235866604,8.97669760724677,7.02655330426053,7.31419122436218,5.60702395642913,8.12203788662595,5.48597524348597,3.83279601348094,3.98938146719053,3.4234867914073,3.56992142179207,5.71861513745301,4.01881440236514,5.60602857136842,6.46552068617508,10.1491163117326,6.93327475750121,5.74131511411987,1.74712630858083,4.73597570628357,GSM1233119,Response
7.244541599,7.249499816,7.337359862,8.595760732,7.96030069,8.867209417,7.89156147,11.31111357,9.161063004,9.509845344,9.197292685,8.593436477,7.000105089,10.1243173,7.955099527,7.273717222,7.11693788,7.200567382,8.238793432,9.179447612,9.572211691,8.003991304,7.308126818,7.073347659,GSM2805006,Response
9.435569429,6.880145952,8.615406029,10.01100432,9.479701548,11.27628404,9.96496855,10.34187264,8.620894222,15.16448865,10.32091677,8.685491762,7.567956694,8.68724287,7.51102299,7.106843135,7.41364189,7.657392235,8.479431056,11.05381377,8.825910017,8.879277326,6.638213785,6.593529722,GSM2804978,Response
6.36149085738548,8.51918095025183,7.92783586917676,6.48408496146785,8.59416373162392,10.7767347236981,8.92248317360708,9.50147046441214,8.63678152150602,8.02936190957547,8.89462128755184,7.10928514889895,8.36248230485728,6.67767544118683,8.89570640498633,8.77218871685487,7.80108921586395,9.2300181488034,9.08620493075276,11.3942451559473,8.14386048399304,7.03705293332805,8.73092587231346,6.9037328423645,GSM1619422,Response
8.614713,6.983222,8.55061187415383,8.163139,11.10451,10.65875,10.72258,9.138769,9.675279,10.88701,9.910119,10.94906,10.59399,9.689129,9.189408,9.516655,10.04292,10.49119,9.395101,12.53577,9.706455,9.05783,9.53145194547813,8.397226,GSM139562,Non_response
4.56829382013886,3.89241574959206,6.45158658807979,4.89795176745177,6.9245218820831,6.06672194383439,6.42165345452521,6.17723210684362,4.50215855346861,7.29837495171329,4.5959494470294,4.80448619215223,5.46793254902435,7.3611268181633,3.77868167188127,4.33218371052528,5.67199327009856,3.62240860985045,4.94588411749112,5.66892357632729,3.82260486029938,5.64627539727883,3.30924989633635,3.6447267498992,GSM1050590,Non_response
4.538736481,3.870191608,6.07545146,4.078731969,8.349524311,6.344166952,6.563298091,7.133604579,5.072377634,7.525983984,5.898617131,4.955952578,6.652967838,9.892697037,3.662922298,5.449550671,5.628096361,3.582091283,4.910479426,3.410317934,3.675711478,5.251826595,3.388612297,3.873297013,GSM505401,Non_response
7.53143030018847,6.89255370704974,6.29592527805009,5.83135743176945,9.86622083803628,11.2748341719267,9.08429764828012,9.72330876257898,9.30717992372202,10.1812134825479,9.43395586326746,5.0022322801014,7.42086546564118,5.08955452741283,8.30587365151724,8.84054971775825,8.74449069341945,8.67328402097339,9.61523562551001,11.311527534125,10.0506562178155,8.50209785996244,8.30443654932733,7.89627458147035,GSM809292,Non_response
4.3746854866489,3.90861837834851,5.46962263540512,4.61228482943056,6.67022332308218,4.36590466440312,6.38027767629153,6.26643415605516,4.35468269424495,8.54502613992464,4.70342453535479,4.83499470042912,6.34732248980933,8.40021646973261,3.62993132314843,4.51333566045922,4.46111682007571,3.81888248200516,4.84392432120808,6.73222481323412,3.873262694132,5.095481771785,3.96225864653284,3.56658545578303,GSM1050619,Response
9.50337690648307,6.89531605569191,9.31863167070932,8.86137295585399,11.6688116740506,11.5187810701556,11.8540642939165,9.71568050500902,9.78406571761051,10.2375481365609,10.9492231000807,11.3755211499046,11.3945659435202,9.52554581505865,9.01087514097777,9.66212118602826,11.6683470043347,10.3562125288461,9.03143740295534,12.8470220508368,9.28119456405654,8.63569765145585,8.7680930377289,8.08366020613579,GSM158263,Non_response
4.208776181,4.049333428,4.598462549,4.940781807,6.51088701,6.684893075,6.67076241,6.474647809,4.66494322,7.045647511,5.876652912,4.024862119,3.995135568,6.195755743,4.092119961,5.01247873,4.444963457,3.753187493,5.183806977,8.164976919,4.539338767,5.682161072,3.551384393,3.984160323,GSM505548,Non_response
8.38283930083093,8.09755022900379,10.2549269580536,9.66480632020549,7.17140331568113,12.1570777095682,10.6702096145203,11.2030791853546,9.83090408324334,12.0780332356068,8.80772528065549,10.1743094434268,9.24840669979772,12.2392031374925,10.8560328636964,9.02873435431499,8.5617064184624,9.9105055749235,10.202670601969,9.84044582203211,10.5899724947436,11.5129045778038,7.57805119402176,8.52575833258461,GSM2811125,Non_response
4.026819636,4.442598937,5.097874263,5.238388516,6.60737198,5.20594524,6.722284791,5.801898797,4.789002241,7.031274173,9.751502926,5.210242058,4.293317823,9.070137281,3.617691858,5.03439975,4.269835669,3.762573022,4.972793331,6.731773745,4.585800954,5.3365325,3.497805163,3.536761499,GSM505425,Non_response
3.752643116,3.440305654,3.937640932,5.067556294,6.844750559,4.182452144,6.9407939,5.271410529,4.600345074,7.102508663,6.187388473,4.269841744,3.213025979,7.218893625,3.922056795,6.304104225,3.976438492,3.823953178,5.136545054,6.542187616,4.382559367,4.47239938,4.162123797,4.058131973,GSM505464,Non_response
4.21753947,4.138040905,4.654139504,4.695899432,6.537554929,4.724739297,6.793647879,6.314189195,4.750350514,7.931589004,5.141284267,4.449743247,4.680507415,7.294886103,4.300139529,5.077403874,4.211337121,3.525271984,5.326552476,5.936595858,4.158068928,5.605728389,3.943118672,3.764614572,GSM505568,Non_response
4.697794441,3.94779056,5.489839842,4.806599066,7.038619358,6.276417329,7.050895414,6.135002784,4.661488979,7.634797278,5.321207597,4.669562363,6.674270887,8.865172901,3.891855015,5.026595866,4.96519072,3.808177422,4.863231353,4.14703019,4.035110255,5.477479193,3.514497282,3.711201098,GSM590842,Response
8.63926527997881,9.20811722752104,11.9914316595742,10.5091357949793,8.18312733878531,10.7597803988752,9.74131276561388,12.0832248678088,9.91153173083129,10.3627131287522,8.52358675821423,11.3545044201046,9.77765881382011,13.2805951970355,9.61125703362523,10.0809345480526,9.63782745575661,9.73436138412746,10.6480554700278,13.8412690423517,9.6107356446174,12.211751379454,6.97461186252144,9.74339989820966,GSM2811129,Non_response
5.18695133780878,6.15910220057205,5.95379987273588,6.26983378380311,9.56763261794503,10.0805688968537,8.96151072897233,8.13984382692452,8.21179919448496,8.74776692564321,8.69721224510466,4.90941381447222,6.94010744977982,7.51827300012562,8.14205334835671,7.83972100299019,7.68435546278627,7.80562532565259,8.36390406831824,12.3854079926033,8.68805212924971,6.73871579655566,8.66078471688601,6.89647550265246,GSM4171555,Response
4.075337984,3.779164591,5.32680312,4.7537628,5.482225026,3.817320917,7.052784155,5.470256425,4.434574832,6.606937556,4.967363305,5.026386065,5.512012714,8.014724788,3.588380657,5.030318665,4.231972457,3.902006286,4.968547179,5.584204358,3.874309826,5.27240071,5.828459703,3.892836257,GSM508039,Non_response
6.82512836690106,7.93915031540851,7.54090306196451,6.25111165055613,9.82162298606484,10.4594818205573,8.93686027370856,9.50391400194537,10.105877413576,10.438469247638,9.5161172815715,5.88423611610084,7.55589457368132,5.48222180025828,8.21496991163924,8.37898127616081,8.76221071399016,8.49576424926773,10.3739096083551,12.0881523932169,9.85304677468977,8.04381265216673,7.88155991719995,7.2866294429026,GSM809298,Response
7.15285465190327,4.60945695825186,9.12023709392611,6.35254240807282,9.29891085203896,12.4047412550173,7.94817065656136,8.60910504632355,9.98402802859858,7.01755404554786,9.0366058374827,8.95353562460634,9.390527017986,8.20601626318079,8.87509436960433,9.16358704938694,8.11361154725719,8.81704478955054,9.76230335415829,11.9753424138137,7.64431159247132,6.06177976738893,8.27177260204229,7.55353655828906,GSM1619407,Non_response
6.07478912296154,4.97312195153893,7.06046354944431,8.31406267087804,6.70990249856388,8.74029685558509,10.0290695655727,7.68880753503984,7.70369744669732,10.0367238667326,7.7265076469806,6.6325856688833,5.45062189010389,7.40600053139228,5.74648266541555,6.40225335933448,4.77622571101593,6.48842868430049,7.26750959525792,7.83461513857011,5.82356263006569,7.30763788476558,4.96693267022021,4.20148716490857,GSM2193360--8,Non_response
7.27579282873089,6.05138840758716,8.06742355201749,8.67856705521815,10.9379449719443,12.7225259074698,9.61956967217005,10.1387690124999,8.68441952865316,10.6867700685177,9.29327494636949,7.92441778249005,8.22201402943983,10.4827517686313,9.53389664747655,9.16258997827445,8.39254099279089,8.13924999265499,9.51096758581792,12.8523745765723,8.78543769098894,9.16547581853508,6.8910551119756,7.86480746745486,GSM1875914,Response
4.355461095,3.913247733,4.946235783,5.184001195,5.539761898,3.961382971,6.85986329,7.207079994,4.730962592,9.905301775,5.607612818,4.700362073,4.706050893,7.532291156,4.311969716,5.112302502,4.579843583,3.94688482,5.33370723,4.349858598,5.136424309,5.384264637,3.504293318,3.757878191,GSM549282,Non_response
6.34109645036454,6.52316263271395,8.0153294915766,7.36786270035565,10.00498748924,10.4305013054504,9.62629094516016,8.59428919016372,8.23522773461022,9.17242406030028,8.84815989148215,6.36623349277339,8.07463871173811,9.19906581922491,8.02868323999291,8.49792613958917,7.79504652392196,7.37560127896478,8.39410078413162,11.8735180715846,8.81624345273996,7.27626479722596,6.13936025054632,6.68170969349865,GSM4171540,Response
7.261300961,7.209393065,7.023055644,8.041577977,8.230992652,8.18667157,8.259728509,8.349495097,9.447815821,9.769681956,8.431120782,8.270666395,7.596635955,10.10705542,7.588120136,7.162810698,6.998087373,7.273164212,7.870572739,7.30581637,8.371638618,6.929155938,7.297212183,7.160400986,GSM2804892,Response
7.85890569572025,7.24753097599221,6.07836896652922,7.57653097658364,9.58969830550271,10.9160265844069,4.80924124472959,9.95189411993336,6.87938660308334,6.77645533729062,7.71412521961066,9.19099084921222,5.10317370113459,5.45428160361025,6.90052380223323,8.3103258391886,8.33155944470691,7.40136032556479,8.88321104170993,4.39780103137916,6.78825610846362,9.51614000663984,7.20666027631865,7.73767225683013,GSM1525234--211,Non_response
4.197917318,4.141186254,4.964936792,5.172366847,7.216048759,4.753184512,6.679546068,5.92009759,4.693334813,6.87254273,5.355125479,4.136585293,4.978918098,7.872934602,4.209462052,4.692114004,4.573553936,3.898647923,5.376306787,3.642945933,3.793866836,5.737167473,3.708715282,3.873333219,GSM508052,Non_response
3.7541770134004,4.61890430605278,4.11459014234507,4.78364030502622,5.90861473425472,8.17912236702195,5.71615962140273,5.4008056775472,6.3832098902307,8.77916353291509,5.82481244862685,4.397266432804,3.8497557030909,3.2038029175653,4.1459971748616,5.47680807043888,3.91903862153317,5.26952422518844,5.95248038256118,8.04766586252929,4.77691927163681,5.30019382468886,1.73077534799773,4.397266432804,GSM1233041,Non_response
4.257605221,4.59475774,5.347090158,4.772722739,5.898780833,4.012504679,6.694331324,7.247977292,4.426200331,9.875305385,5.21071049,4.858434325,4.868978298,8.239111404,4.188082648,4.457632693,4.498168307,4.094423643,4.704294843,3.824695207,3.414645799,5.301878606,3.743969402,3.821593331,GSM508041,Non_response
4.050751488,3.88889979,4.809512485,4.954498025,6.343347928,5.010760663,6.371095029,6.056056443,4.618257726,8.229731814,4.834161946,4.673630669,4.931300577,7.563830756,3.590114509,4.816776041,4.233201686,3.776380503,5.091485464,7.210503997,4.499853759,5.704045084,3.391166011,3.62509608,GSM590853,Non_response
9.332931,6.207897,8.01626483498863,7.762599,10.9645,8.974428,10.39085,8.549367,9.479958,9.312888,10.44324,10.76382,10.74145,10.20852,10.1217,8.894529,9.669245,10.82082,8.837766,12.0304,8.309296,8.34359,9.11708471588587,8.495207,GSM139603,Non_response
8.91365349666084,8.5599629890781,9.65601804656735,8.83465525471365,10.9192145957788,11.6049866863045,10.9833508135759,9.65299385243649,9.76070908829962,11.2653761575433,10.527352888718,10.2976513218738,11.2702876058882,10.8835721892845,9.27555320575941,9.61794029010441,8.85290373421278,10.083673789135,9.63447874137705,12.3673139411334,8.47144106534719,9.88079775278875,8.86441049889142,8.48389082878379,GSM158203,Non_response
7.273991614,6.968814967,7.303761174,9.318024522,8.048887468,8.960703034,8.328043276,9.446168324,9.549357981,10.29445972,8.27435404,8.83362931,7.37786888,9.991493882,7.775654875,6.901519201,7.273991614,7.162294697,8.06534967,8.012083533,8.641023151,7.14498597,7.069995386,6.931626201,GSM2805015,Non_response
4.347443283,3.824908396,5.177514842,4.976992259,7.865621495,5.940562173,7.488015263,7.243566651,4.740994783,9.092300871,5.78292093,4.798427626,6.023087385,7.723940933,4.084402148,4.831111429,4.427376091,3.747062317,4.879941436,9.629554401,6.251945176,5.173697166,3.377872661,3.712325017,GSM549263,Response
3.33721107341234,4.31739533491808,4.41563208168838,5.3374769032879,6.23418021173782,9.30447272850435,6.97020267995435,7.18364540994244,6.77794988529247,6.30939638800328,5.63686228117582,4.7357060651403,4.57728386012442,2.69735531491176,4.57441575330121,4.7481042511497,4.41885734841148,5.45058642280196,7.64179394395472,8.74849558006777,6.18192106809575,6.64541872948809,2.48055691567255,4.91353671432543,GSM1233054,Non_response
8.383653235,5.913930369,9.145451599,9.272080285,11.03843249,11.35383113,9.413127513,9.472886979,8.292900147,8.467925628,9.061055699,9.038519213,10.34385589,10.01904257,9.905057221,8.940094793,8.681825548,8.688795145,8.991859078,12.14218154,7.875855688,9.432802704,6.734998515,7.413809969,GSM710920,Non_response
6.97122629679941,6.12057940574245,7.26869757385879,7.47883028225637,9.78114476643107,10.9119892839622,9.28999970635273,9.10765207829546,9.50473493425571,9.69966600655213,10.3392143636277,5.67906539868405,8.43500932187017,5.16516771972791,8.19200233166882,8.69594744245861,7.89751504538348,8.47322096948381,9.50348143937308,11.4684171570882,9.19963966176258,7.62155437404408,7.8879896586935,7.45215809546337,GSM809278,Non_response
9.204189,6.84677,8.65008001797633,8.263277,10.71529,7.364696,10.79156,9.058741,9.176294,10.26239,10.23652,11.71191,11.2235,10.46379,9.495995,8.36047,9.250342,10.25058,9.425685,12.33674,8.855134,8.499937,9.47762548173216,7.64603,GSM139590,Non_response
4.230100769,3.870924171,4.769394791,4.765277392,7.313602346,5.743008595,6.207769932,5.595327233,4.157722918,6.574100945,5.873301863,4.748696861,5.42085054,8.062944067,3.7419562,4.492665214,4.170257416,3.805076869,4.934248526,4.915568899,3.917881417,5.257402269,3.67952452,3.832827545,GSM590887,Non_response
7.496356768404,10.2632828747714,11.0592178884183,10.4932530459431,7.04793256525662,12.6196221681479,9.53996342837233,11.7957423289811,9.42819420063378,10.2356542495855,8.75154501420206,10.2744645247874,8.7574667263967,12.3325405142756,10.5101744057908,9.46238666250053,7.98166620253363,10.0876063608956,10.017425711404,12.4578866254231,9.84857893324976,11.4324886661563,7.40818739532632,8.39448827769623,GSM7040782--RNA27,Response
8.50066197767539,8.65254048047419,10.9299100393726,9.70894718938016,7.23193298083267,12.2497717843758,10.0338222452695,11.6595019794398,9.80401227910665,11.7049623500291,8.87286810486405,10.8573185812326,9.31587065514858,11.9470081125714,10.6983250937212,9.34153209298728,8.62315510203711,9.8691385718904,10.4046157488269,8.55905221548848,10.9592118375053,12.1978258511876,7.19313611405828,8.37605261170265,GSM7040763--RNA07,Response
6.70853119118407,6.78395486677407,8.35328229859087,6.40568223675777,8.91443107660031,6.58266199918647,8.37618875648259,9.38563102176961,9.45783217378549,9.64325776320755,9.76856323251394,6.48575017428276,9.16192455367961,7.22731153840881,7.89906000362725,8.08560289861366,7.556221983702,8.03958195724329,9.91074282426781,10.6283535098991,9.17870705090043,6.81895279784946,8.22252704539725,6.67997816864921,GSM809265,Non_response
8.82970236109686,8.30818080594511,8.42610411936778,8.87156934547738,11.8932258174262,10.6979067950034,11.4966971093087,9.91427366959445,9.77547362457349,11.8149547414427,10.2036258205816,10.559671907808,11.0515108719536,9.93979467802985,9.471114190608,9.31861233938108,10.9230544954384,10.6355454482643,9.1223673951073,13.0873170269596,10.655144751731,10.052412423164,7.22662086956685,8.15382029140526,GSM158217,Non_response
6.75080487019691,6.82478995494007,8.71327881140815,7.4817020836524,10.5979825755152,10.9055686493314,9.75871238266936,8.9402007536819,9.09623130167166,9.01640178992217,10.0563779051749,7.05242532321618,9.46239673974301,8.83468123090902,8.86746623533093,8.41913124421421,8.061009848715,9.12044767700967,8.83965805305202,13.4603901747459,9.72509974434162,7.10398452021881,8.24015760264843,7.3461083808629,GSM1619423,Non_response
6.852984427,5.986963396,7.587510254,7.390510612,11.43849858,9.993467546,9.669390328,9.509814707,8.656363769,10.68319936,9.298350365,8.043014067,9.007193611,8.360497828,9.725240359,8.532523768,9.864344293,8.417048186,9.145763271,12.14215053,8.545333697,9.091574397,5.778480374,7.262589041,GSM710833,Non_response
6.57141891991617,4.80056741332044,7.00975390953621,6.8804786584473,7.07052903256474,8.08877664216788,8.53059817252018,7.4423980324954,7.34159943513841,7.39184387355728,7.42289728792823,5.84859745909344,6.78230711442863,7.20463274388625,7.44433817665734,6.37461166357342,5.60309179011594,5.38582992740941,7.9494293693423,5.79892898068743,5.35930375877778,5.41140096607801,6.42405455535843,4.2480806087192,GSM2193346--12,Non_response
6.82815927007418,7.00006491102636,7.85505352723443,7.93567700343065,11.0079137907562,10.7304166228098,10.1916394827483,9.4299229225157,9.04865427596758,11.7411228092963,9.49791909036228,8.69713734362775,10.0607649927691,10.8582332526239,9.5448222658191,8.96682207180627,9.44085226777864,8.17270893429811,9.51494505349889,12.5100185124665,8.72779765457643,10.7637006158239,6.45823138692025,7.51849749237847,GSM1875949,Non_response
4.133914135,3.801291209,4.055970217,4.607601305,6.490009722,5.626490516,6.24342142,5.997108668,4.373753203,7.574533638,4.659018242,4.45455735,4.872535126,6.339933483,3.687701335,5.205982358,4.073114148,4.012435056,4.638666881,4.46330424,3.711150368,5.045078296,4.841183661,3.938770661,GSM590872,Non_response
8.43725371508349,7.03111187345638,7.77585793390622,9.18346813113396,11.4069776804089,11.5965338834827,11.1955836680972,9.56469722253953,9.51402565696283,10.9379733375102,10.5350732559798,10.4840653076131,9.86260266244741,10.0921246727504,9.27557146174981,9.86661554359349,10.4626804411577,11.0575772368714,9.37713790203948,12.8928798991554,9.59202235575882,9.54308655333466,7.89791126062765,8.75014806694385,GSM158195,Non_response
6.6275367527061,6.16097052430398,6.86478347035104,6.83255177895285,9.99036472803184,9.0388312851927,9.20891339694612,9.29695568546942,9.7267210625841,10.312422026256,10.1909731728003,5.7010539835968,6.96350097297373,5.42054985344677,8.74948389870078,8.01502441980438,8.224088609973,8.32220259257264,10.0609441709893,11.6002546196544,10.2632643826623,8.20976237877034,6.00630940101458,7.2046021716824,GSM809221,Non_response
7.646045113,6.856088174,7.559556174,9.374797822,10.0644009,10.01252956,8.71431792,9.513383559,9.219079758,12.22628297,10.22081884,8.038852265,7.624542802,9.015820397,7.666092888,7.388303281,7.061367374,7.755841513,8.25647872,9.463543201,9.827483145,8.552649906,6.829418068,6.801137561,GSM2804899,Response
7.86348482025248,10.1264390983926,10.9002112035544,10.0510401748313,7.32286691737312,12.7577174214665,9.47607657735916,12.0612522450409,10.0497388052102,10.6810147476959,8.29549854620525,10.4033024841668,9.33579282294318,12.2991942722768,10.5302481570423,9.15428379593769,8.14875741432383,10.0771071563795,10.9313042497394,12.0632176720978,9.83014628005129,11.9652768295396,7.46876409957831,8.42172558790786,GSM2811130,Response
4.464077858,3.709104844,5.284812384,5.243771769,8.346340735,5.063610053,7.856095524,6.838952229,4.538121703,8.749860713,6.172718188,4.765115457,4.462469934,7.152430917,3.802688813,4.997123428,4.651396426,3.717710893,5.350759575,9.967915278,6.036986864,5.321120446,3.310178032,3.656029076,GSM549251,Response
8.34570378736853,6.97524383235458,9.04908853361785,8.4695464333394,11.1060039511183,12.568554276223,10.065058704148,9.94105020933874,9.24194257076218,9.94045205593223,8.93020217942549,9.08874420167531,10.0576462328133,10.4013228803877,10.1638932034608,8.96990710166422,8.81744905740901,8.78785962060975,9.52081568752283,11.4754528911626,7.41643310992904,8.88006518043207,6.96565443053357,7.45736398266263,GSM1875905,Non_response
4.360681748,4.012718605,5.059857268,4.600447216,7.201947764,7.060499761,8.075019987,6.545276437,4.463015814,7.118795368,7.6591308,5.064671812,5.386619028,8.535605516,3.875339431,5.771486264,4.365573023,3.77498625,5.067278706,3.977345752,4.5411073,5.24758922,3.82532444,3.657882256,GSM549284,Non_response
3.962900259,4.845432998,3.708835468,5.147924763,5.279933136,5.492332231,6.037532376,5.485379262,5.144617674,6.858254853,5.575829888,4.550544222,3.593912358,6.212151586,4.161633388,4.789341417,4.001519149,4.206823925,5.714418323,5.612998089,4.954737285,5.195034488,3.753248351,3.740556311,GSM505397,Non_response
4.016271075,3.940726494,4.930878552,4.60824259,6.320529682,6.01938548,6.289596534,5.918033599,4.542936054,6.711090596,6.150064329,4.188385916,4.293972306,6.797843866,3.957612528,4.864733792,3.929051936,3.588545606,5.24617623,5.707525028,3.945601514,5.377404209,4.516787256,3.75374622,GSM505506,Non_response
4.500573775,3.91000472,5.345433159,4.649627379,7.744955076,6.090733073,6.9405879,5.756097159,4.716348308,6.367815213,4.746387043,4.619003321,5.421426792,7.898345353,4.18489252,5.198623376,4.634804647,3.793991522,5.06920725,6.225880655,3.865592543,5.6491041,3.757546476,3.920420067,GSM508157,Non_response
8.653279,6.667286,8.04620554720789,7.790907,10.13645,8.818338,10.54425,7.8452,9.702032,10.02334,10.04776,11.00275,11.36342,10.05823,9.504811,10.26915,9.590572,10.53713,8.94395,12.53396,8.86831,8.958479,8.85770757492669,8.353426,GSM139632,Non_response
7.50009949309016,6.5955191514597,7.66560351633806,7.00128231072722,10.5018915651268,10.7045356000888,9.64197738684154,10.0516243252206,7.98664285770233,11.9246785651158,8.25313351178166,7.53150334972493,8.23622492153004,9.94451358668356,7.74973655159107,8.25805608585481,7.95767652418284,8.16518138267722,9.65073326395273,10.6734248796529,6.8862185094501,9.22504588825835,6.01975508776457,6.70741864066402,GSM1705395,Non_response
4.412690859,3.790560007,5.731277672,4.879384995,6.404294204,4.798014152,7.911284072,5.381054314,4.717612782,7.128046572,5.060408512,4.646659716,5.289138268,8.73490368,4.010828506,5.072650507,4.084166015,4.014492419,5.16899471,8.160384427,4.003157396,5.381340212,4.255130937,3.861617929,GSM508021,Non_response
5.15639635244103,6.08005215688124,6.72669935567197,6.63006266627567,9.32626013725058,9.41545432418496,8.9328278676039,8.38675283927988,8.79042410530397,9.27579112872273,9.18805312486496,5.64205233930895,7.93903035860453,8.60167647836473,9.31995479589242,9.08385051413855,8.54642942279691,8.88626008349182,9.04767090360356,12.6288380751234,8.29614627601018,7.89098953585224,9.59795258729459,7.39123677716827,GSM1619427,Non_response
4.521798566,3.50331127,6.200456879,4.991572525,7.256335322,5.636395948,7.308259094,5.578861792,4.775407707,7.317063088,6.457170461,4.738722527,4.498875685,8.429695933,3.507408273,5.512831322,4.725311116,4.191263753,5.302674409,6.292129672,4.074335195,5.049643544,4.872944264,3.592633192,GSM505476,Non_response
7.785588979,8.120661975,7.785588979,9.032424876,8.953927828,6.387401532,8.449639154,7.45280141,10.05959209,7.267822381,9.325566577,7.242479818,6.897126541,10.79802349,8.578214851,6.692354466,6.468035207,7.111175961,6.79212491,6.692354466,9.227254892,6.468035207,7.665911873,7.165360407,GSM2804996,Response
6.44746558597169,6.69686794769761,5.802469649924,6.16239566820608,9.2044201734598,10.9788660804674,7.88154356472095,9.04501560963597,9.52591729705591,9.5723790235849,9.04902618244535,5.43163178301539,6.09461815534577,4.86164422133932,8.16334487148519,8.54669973479714,8.23884852503673,8.09956806272676,10.0031037217377,10.9528885100005,10.0901632957104,7.57175316961533,8.51778957036135,7.34118653637183,GSM809218,Non_response
8.54241870195258,7.9288917603381,8.17923470326358,8.93609926239182,11.4270813245096,10.69384601637,11.1391726682738,9.3519227410928,9.79974697531884,11.9573601613186,10.5410777101735,10.5426905145376,9.21996713586051,9.85306401503566,10.4878536364868,9.65840921524262,10.5095905915478,10.7844141435246,9.34043303739019,12.8420571116504,10.3227547338669,10.0916505765743,8.83137361096324,8.665210487565,GSM158223,Non_response
3.52001546,3.76494325,4.081533249,4.627164671,6.095481886,6.538706908,6.441968132,5.953351203,4.997007616,6.972434242,4.793351583,4.035958226,3.980200554,7.170184893,4.005508803,4.804815732,4.4138446,3.619083072,5.375759489,7.58892763,3.889823165,5.417077139,3.635708546,3.777944933,GSM505512,Non_response
4.962100062,3.502480705,6.011021511,4.74496067,7.371682946,5.177490427,8.317483297,6.688676111,4.47714799,6.574727126,5.37391301,4.750491401,4.940606157,8.757244037,3.594215514,4.787520712,4.546694954,3.754693386,5.045395587,4.148766464,4.555491949,5.440739033,3.429804374,3.759442161,GSM505369,Non_response
4.057752859,4.595241082,4.444024628,4.724021528,5.692655882,3.691504004,6.790638108,7.083636448,4.588149828,10.41790645,5.120712604,4.498504256,5.037718599,7.657990769,4.040221021,5.019388481,4.602828647,3.844480821,5.079828645,4.490262394,3.820059446,5.690754034,3.740720104,3.886820676,GSM508115,Response
6.42775314151202,7.86132238313746,7.87559021716809,7.40211655184787,10.6052385284404,11.1087056748043,9.77870792392099,9.36427969772031,9.18930756859485,8.44872856212607,9.93467930559153,7.96108646946606,9.60293313545435,9.80323619259507,8.37675188823061,8.3567193871524,7.74200318204458,9.05519039248251,9.28304302520566,12.1228580266661,7.81914065415082,7.95549081230857,4.93832715168214,7.23462112110712,GSM1619404,Non_response
6.30366724133791,7.1139868545937,7.59206513217787,8.11398536748283,10.3604229693482,12.1854019922656,9.25430615990089,10.0971364142341,8.35094523597775,10.4327613729371,9.51138119600254,9.19605210237631,9.2260009872717,9.43257795441819,8.59532253448079,7.9934671000854,8.18821736813283,8.1712868215127,9.67503290733398,11.8662956499919,7.71500147506387,8.77359583200933,6.8755364631974,6.7253025537627,GSM1875904,Response
2.99267975122943,5.32647521490283,4.0574538178949,5.15876914257371,6.7245111713651,7.9337256463199,6.0394164997912,6.14857894600458,6.22941535984409,8.70236869969049,5.80925660980998,3.51611352403011,4.1212744495019,3.33549540761897,2.83725446236722,5.69451201015506,4.09525180147296,5.35584169926267,6.98090873958869,8.68986511498635,5.41540697293647,5.57927698959437,1.82349257486508,4.94794779915191,GSM1233003,Response
3.56588615821134,4.40379221847456,3.48479793953059,5.35496002251323,5.96766588364846,10.200988985072,6.15518964268863,6.59765123643483,5.60413195415341,6.72760537621858,6.6144228394239,4.29988770365849,3.01107062849625,2.76958657821594,3.68982022750456,5.65212392570285,4.32589481272531,4.87561973182661,6.95445269337945,8.892592694284,6.30376573284724,5.586863040463,1.4415006312962,5.12009693759283,GSM1233082,Non_response
5.61084937555578,7.09542014353991,7.25213058517485,6.6147825487674,9.04904990001316,9.27203317090045,8.89289852053592,8.51758846690459,8.14343012219244,9.04890888768571,8.84218348517188,6.39344128690756,8.29837379428965,8.99619778302495,7.5240116126931,7.85461482995792,7.59152400459494,7.69276048468032,8.57349813898668,11.6569139416331,8.437253091937,7.14113971562174,7.97645416579041,6.82508481239916,GSM4171552,Response
9.198215,6.486859,9.28482997632739,9.11138,11.97944,11.89848,11.75989,10.15065,9.603966,9.43984,11.47631,10.92292,11.34906,10.71798,8.471655,10.11892,10.15411,10.54962,9.031771,12.11179,8.59712,10.41939,7.03570495601203,8.265153,GSM139587,Non_response
3.672844784,3.818496419,3.705743737,5.074969853,6.971349624,7.384335701,6.070802438,6.157902561,4.673204509,7.209714838,5.386673628,4.413497828,3.485061507,7.082652347,3.821050094,5.370784637,4.093412015,3.632376603,5.394701573,5.6788906,3.698150861,5.069500908,3.413732426,4.03211413,GSM505383,Non_response
4.109586087,3.671499113,6.016265378,5.09692195,6.649975677,4.421755975,7.593610864,6.698543892,4.550004314,6.636764312,5.602344013,4.28365476,5.467740014,8.135984072,3.814107698,4.774116059,5.743936266,3.70812027,5.172249021,4.65737321,4.044516587,5.427733218,3.574683891,3.636393771,GSM505574,Non_response
4.397293166,4.289694669,5.379463368,4.975001738,6.588368609,4.14120987,6.508581492,6.293040371,4.414878093,9.881140249,5.416365802,4.749673674,4.352578208,7.076869924,4.14791708,5.478114375,4.48508616,3.815837326,4.595490003,7.379380958,4.961186101,4.94829913,3.641962072,4.004872758,GSM508096,Non_response
8.52303269646222,9.87270134268407,12.0955961882042,10.0206113553248,7.92207255425761,11.0042287272518,9.03302139358806,12.3392829569166,9.75555130789228,8.21948853646152,8.49553276244688,12.2745699078303,10.4138645347157,13.0902321514102,10.2795926922341,9.90940531161648,8.7902097225273,9.8171762741221,9.84793534394308,14.5681172082466,10.1332899714861,10.9192162056573,6.7202936412513,8.14288853441701,GSM2811124,Response
7.652846812,8.387352449,7.453705423,7.288334139,8.657536824,7.007826531,8.525414845,7.683669329,8.422681032,7.728208256,10.39016645,6.912249664,7.226752821,10.79511837,8.756567962,6.767997199,7.007826531,7.205184367,7.185097317,6.465228389,9.129146531,6.672353091,8.000756118,7.901000443,GSM2805030,Response
8.3001348534241,7.74441967618381,10.0739001643987,7.94327561800662,9.53199197792299,7.32226433434629,9.41854537086256,9.90474974698045,9.78797527555877,9.9945159443069,10.4872301860429,7.2421057006095,8.83021830462713,6.81641478039714,7.92793064576817,8.26378763423321,8.2143819209218,8.10613640217943,10.517091077227,9.69465763113218,10.4628751625101,10.4279325796261,5.35890828386763,7.7459405616659,GSM809227,Non_response
3.996265766,3.936246936,3.771608463,4.5057519,6.142232012,7.712039261,5.788508737,5.903995631,4.742451509,6.497030816,5.833090765,4.459370043,3.662376127,6.268404828,3.86846195,4.867483001,4.131460918,3.807823029,5.298641151,6.189727419,4.050208474,5.621574946,3.823194275,3.693822364,GSM505530,Non_response
3.844659187,3.650741359,4.093291658,4.597192274,5.958941279,5.04585451,5.971840746,5.535671617,4.488327,5.888981468,5.21401877,4.274252129,4.244043863,6.877078657,3.773539345,5.118999296,3.921265228,3.642634901,4.961985886,5.312936007,3.966376991,5.061347546,5.932376291,3.952623351,GSM505352,Non_response
4.53631063602956,3.59550124144,5.37485042143579,4.72578222493878,8.13458743019687,6.3259748020054,8.40599343948532,6.17941027689323,4.03725318896791,7.33489430584445,5.40090716216265,4.84894132555092,6.93230246473036,8.04695441687605,3.62153317667472,4.8919750083769,5.42297846964943,3.73488829377361,4.73058678063677,5.23777908206985,4.19596696247141,5.01537589496374,3.57137018730469,3.77266971068485,GSM1050626,Non_response
4.586567925,4.003695719,6.511011042,4.790325334,7.13622961,6.701488759,8.216521865,6.108848114,4.735543439,6.015731192,5.203050306,5.016079522,5.021708308,7.700183167,3.564577349,5.43719391,6.657026277,3.75636144,5.144946379,4.277264811,6.164310457,5.70117415,3.51368452,3.510681422,GSM508069,Non_response
4.4000944,3.785143035,5.036971331,5.061315401,7.684767395,6.149002617,7.559096408,7.060233195,4.297607561,9.150614346,5.915074554,4.515872445,3.98943133,7.621972999,4.062682303,5.122045787,4.355606794,4.062321436,4.747669435,10.21487555,5.740218702,5.295912185,3.138482501,3.865031473,GSM549230,Response
8.692027,8.055094,7.9839234922392,8.603796,10.82979,11.38732,10.99828,9.236493,9.434269,11.35273,10.7499,10.87895,10.13004,10.65559,9.033228,9.602595,9.354411,10.50086,9.367901,12.20102,8.442921,9.261391,8.030648087055,8.765667,GSM139589,Response
3.97695268561274,4.09592568835107,5.75938233401505,5.29474894369204,5.71723305787935,9.80661083286168,6.17430460555651,6.05409506267106,7.38275548354938,7.43878353271272,6.35816526599169,6.64038543258916,3.84208959946704,4.61916680839684,3.29180921487216,5.02505771057557,4.65648490022373,5.43664425208193,7.96369351481838,9.17214300516349,5.40555600090458,4.70025073097577,1.79924723560981,4.12772984191256,GSM1233103,Non_response
4.06413376011981,4.60810176187853,3.95014091342575,5.16259078685818,6.45713396642648,9.20428098499839,6.02422251739001,6.31281686486497,6.83586209276006,7.91189599370409,6.02158550711864,4.02602281209469,3.27446758492092,3.22932870913895,4.14346786451537,5.87895529433015,3.2200264802959,4.6463307464745,6.6764546719059,9.81093256672698,7.04566222785806,6.15085425088116,1.31600665581703,4.77421850326124,GSM1233043,Non_response
4.571784363,3.770720042,7.161609649,4.176377803,7.327144885,8.169065087,7.487693541,7.253000056,4.307226256,7.494643426,5.340190422,4.943120788,6.197820066,9.294785292,3.736614112,4.891480194,4.667267277,3.781977397,4.663506822,4.777443383,4.214899054,5.318718061,3.527344756,3.826823237,GSM590874,Response
8.40955485984727,6.22874233219261,9.21918694280421,7.1448226603673,10.2126640478769,12.0462704628577,9.23764368045551,10.6423167865594,8.79530461121115,9.69889676458695,9.0840027930128,9.14301366208015,10.482003532224,10.1704878280236,9.47401824711684,9.28308833720436,8.61457256029666,8.01171824532303,9.79287431577234,12.6385716736914,8.5817280009391,10.3093890655978,6.62709145485979,7.53375228330752,GSM1519427,Non_response
